Radiation Energy,Intensity
KeV,counts
0.8379746999999999,0.0
1.6759493999999997,0.0
2.5139241,0.0
3.3518987999999994,0.0
4.1898735,0.0
5.027848199999999,23.0
5.8658229,82.66666666666667
6.703797599999999,86.66666666666667
7.541772300000001,78.66666666666667
8.379747,76.0
9.2177217,72.0
10.0556964,73.66666666666667
10.8936711,70.0
11.7316458,82.33333333333333
12.5696205,77.66666666666667
13.407595199999998,84.33333333333333
14.2455699,77.33333333333333
15.083544600000002,75.33333333333333
15.9215193,67.0
16.759494,86.66666666666667
17.5974687,72.0
18.4354434,73.33333333333333
19.2734181,78.0
20.1113928,76.0
20.9493675,82.66666666666667
21.7873422,83.33333333333333
22.6253169,83.66666666666667
23.4632916,78.66666666666667
24.301266299999998,69.33333333333333
25.139241,87.33333333333333
25.9772157,82.0
26.815190399999995,99.0
27.6531651,92.0
28.4911398,91.33333333333333
29.3291145,109.33333333333333
30.167089200000003,106.66666666666667
31.0050639,100.0
31.8430386,111.33333333333333
32.6810133,108.0
33.518988,92.33333333333333
34.3569627,96.0
35.1949374,95.66666666666667
36.0329121,94.33333333333333
36.8708868,87.33333333333333
37.7088615,89.66666666666667
38.5468362,98.33333333333333
39.3848109,80.33333333333333
40.2227856,86.66666666666667
41.0607603,79.0
41.898735,84.0
42.7367097,75.0
43.5746844,82.33333333333333
44.412659100000006,75.66666666666667
45.2506338,80.0
46.0886085,74.0
46.9265832,78.0
47.7645579,78.0
48.602532599999996,86.0
49.4405073,83.0
50.278482,83.66666666666667
51.11645669999999,79.0
51.9544314,76.66666666666667
52.7924061,84.0
53.63038079999999,84.66666666666667
54.4683555,80.0
55.3063302,74.0
56.1443049,74.33333333333333
56.9822796,71.33333333333333
57.82025430000001,79.0
58.658229,86.0
59.4962037,84.66666666666667
60.334178400000006,79.0
61.1721531,96.66666666666667
62.0101278,87.33333333333333
62.8481025,79.0
63.6860772,83.66666666666667
64.5240519,83.66666666666667
65.3620266,69.0
66.2000013,78.33333333333333
67.037976,82.0
67.87595069999999,92.0
68.7139254,84.66666666666667
69.5519001,88.0
70.3898748,93.33333333333333
71.22784949999999,91.66666666666667
72.0658242,80.66666666666667
72.9037989,83.33333333333333
73.7417736,93.0
74.57974829999999,93.0
75.417723,94.0
76.2556977,90.66666666666667
77.0936724,95.0
77.93164709999999,93.66666666666667
78.7696218,93.33333333333333
79.6075965,96.0
80.44557119999999,105.33333333333333
81.2835459,105.0
82.1215206,100.33333333333333
82.9594953,93.66666666666667
83.79746999999999,98.0
84.6354447,98.0
85.4734194,87.66666666666667
86.31139409999999,92.66666666666667
87.14936879999999,83.0
87.9873435,78.33333333333333
88.82531820000001,84.33333333333333
89.6632929,93.33333333333333
90.5012676,94.66666666666667
91.33924229999998,85.0
92.177217,81.0
93.0151917,80.66666666666667
93.8531664,91.0
94.6911411,73.0
95.5291158,77.33333333333333
96.3670905,93.33333333333333
97.20506519999999,78.33333333333333
98.0430399,78.66666666666667
98.8810146,76.33333333333333
99.71898930000002,85.33333333333333
100.556964,80.0
101.3949387,80.66666666666667
102.23291339999999,75.33333333333333
103.0708881,74.66666666666667
103.9088628,77.66666666666667
104.74683750000001,80.66666666666667
105.5848122,88.33333333333333
106.4227869,89.66666666666667
107.26076159999998,72.33333333333333
108.0987363,74.66666666666667
108.936711,72.33333333333333
109.7746857,66.0
110.6126604,73.33333333333333
111.4506351,68.66666666666667
112.2886098,72.33333333333333
113.12658449999999,79.33333333333333
113.9645592,70.33333333333333
114.8025339,78.66666666666667
115.64050860000002,74.33333333333333
116.4784833,71.33333333333333
117.316458,78.66666666666667
118.15443269999999,75.66666666666667
118.9924074,75.66666666666667
119.8303821,76.66666666666667
120.66835680000001,92.33333333333333
121.5063315,70.66666666666667
122.3443062,81.0
123.18228089999998,75.66666666666667
124.0202556,77.66666666666667
124.8582303,81.0
125.696205,71.66666666666667
126.5341797,87.33333333333333
127.3721544,74.0
128.2101291,75.0
129.0481038,70.0
129.8860785,75.66666666666667
130.7240532,78.33333333333333
131.5620279,78.33333333333333
132.4000026,76.66666666666667
133.23797729999998,70.66666666666667
134.075952,75.33333333333333
134.9139267,77.0
135.75190139999998,70.0
136.5898761,81.0
137.4278508,76.0
138.2658255,78.66666666666667
139.1038002,84.0
139.94177489999998,82.33333333333333
140.7797496,86.66666666666667
141.6177243,68.33333333333333
142.45569899999998,82.33333333333333
143.2936737,81.66666666666667
144.1316484,68.0
144.9696231,83.33333333333333
145.8075978,72.0
146.6455725,74.66666666666667
147.4835472,72.0
148.3215219,78.66666666666667
149.15949659999998,72.0
149.9974713,77.0
150.835446,84.33333333333333
151.67342069999998,71.66666666666667
152.5113954,76.0
153.3493701,66.0
154.1873448,85.66666666666667
155.0253195,76.33333333333333
155.86329419999998,76.66666666666667
156.7012689,72.33333333333333
157.5392436,83.0
158.37721829999998,73.66666666666667
159.215193,81.0
160.0531677,68.66666666666667
160.89114239999998,81.0
161.7291171,71.66666666666667
162.5670918,81.33333333333333
163.4050665,83.0
164.2430412,75.33333333333333
165.08101589999998,80.0
165.9189906,79.33333333333333
166.7569653,82.0
167.59493999999998,82.0
168.4329147,74.0
169.2708894,89.33333333333333
170.1088641,84.33333333333333
170.9468388,86.66666666666667
171.7848135,93.66666666666667
172.62278819999997,90.0
173.4607629,79.0
174.29873759999998,89.0
175.1367123,95.0
175.974687,93.66666666666667
176.81266169999995,98.0
177.65063640000002,96.0
178.48861109999999,96.66666666666667
179.3265858,100.33333333333333
180.1645605,103.33333333333333
181.0025352,92.0
181.8405099,104.66666666666667
182.67848459999996,94.66666666666667
183.51645930000004,100.66666666666667
184.354434,106.0
185.1924087,99.0
186.0303834,96.66666666666667
186.8683581,108.33333333333333
187.7063328,108.33333333333333
188.54430749999997,101.66666666666667
189.3822822,103.33333333333333
190.2202569,102.33333333333333
191.0582316,93.0
191.8962063,104.66666666666667
192.734181,92.66666666666667
193.57215570000002,109.66666666666667
194.41013039999999,101.0
195.2481051,99.33333333333333
196.0860798,103.33333333333333
196.9240545,90.66666666666667
197.7620292,96.66666666666667
198.60000389999996,103.33333333333333
199.43797860000004,95.0
200.2759533,99.0
201.113928,97.33333333333333
201.9519027,104.33333333333333
202.7898774,96.33333333333333
203.6278521,89.33333333333333
204.46582679999997,100.66666666666667
205.3038015,98.33333333333333
206.1417762,99.33333333333333
206.9797509,94.0
207.8177256,100.33333333333333
208.6557003,91.66666666666667
209.49367500000002,98.33333333333333
210.33164969999999,88.33333333333333
211.1696244,101.66666666666667
212.0075991,92.0
212.8455738,99.66666666666667
213.6835485,92.33333333333333
214.52152319999996,82.33333333333333
215.35949790000004,95.66666666666667
216.1974726,97.0
217.0354473,99.0
217.873422,88.0
218.7113967,99.33333333333333
219.5493714,88.33333333333333
220.38734609999997,92.33333333333333
221.2253208,97.66666666666667
222.0632955,88.33333333333333
222.9012702,91.66666666666667
223.7392449,95.0
224.5772196,82.0
225.41519430000002,82.0
226.25316899999999,85.0
227.0911437,87.33333333333333
227.9291184,87.66666666666667
228.7670931,79.33333333333333
229.6050678,85.33333333333333
230.44304249999996,91.66666666666667
231.28101720000004,81.33333333333333
232.1189919,98.0
232.9569666,81.33333333333333
233.7949413,73.0
234.632916,87.0
235.4708907,85.66666666666667
236.30886539999997,82.0
237.1468401,77.0
237.9848148,81.66666666666667
238.8227895,78.0
239.6607642,83.0
240.4987389,84.0
241.33671360000002,89.66666666666667
242.17468829999999,90.0
243.012663,81.0
243.8506377,87.33333333333333
244.6886124,85.0
245.5265871,76.66666666666667
246.36456179999996,80.66666666666667
247.20253650000004,83.66666666666667
248.0405112,79.33333333333333
248.8784859,82.33333333333333
249.7164606,75.66666666666667
250.5544353,79.33333333333333
251.39241,75.0
252.23038469999997,90.0
253.0683594,85.33333333333333
253.9063341,74.0
254.7443088,87.33333333333333
255.5822835,66.66666666666667
256.4202582,79.66666666666667
257.2582329,70.66666666666667
258.0962076,77.33333333333333
258.9341823,74.66666666666667
259.772157,72.33333333333333
260.6101317,73.33333333333333
261.4481064,77.33333333333333
262.2860811,74.33333333333333
263.1240558,64.66666666666667
263.9620305,72.0
264.8000052,65.33333333333333
265.6379799,83.0
266.4759546,72.33333333333333
267.3139293,77.33333333333333
268.151904,80.0
268.9898787,73.66666666666667
269.8278534,62.333333333333336
270.6658281,74.33333333333333
271.5038028,73.0
272.3417775,72.33333333333333
273.1797522,65.0
274.0177269,69.66666666666667
274.8557016,73.33333333333333
275.6936763,67.66666666666667
276.531651,66.33333333333333
277.3696257,67.33333333333333
278.2076004,67.66666666666667
279.0455751,72.33333333333333
279.8835498,69.33333333333333
280.7215245,73.0
281.5594992,74.0
282.3974739,64.33333333333333
283.2354486,64.33333333333333
284.0734233,73.66666666666667
284.911398,65.66666666666667
285.7493727,72.66666666666667
286.5873474,71.33333333333333
287.4253221,72.0
288.2632968,66.33333333333333
289.1012715,66.33333333333333
289.9392462,76.33333333333333
290.7772209,64.0
291.6151956,67.0
292.4531703,63.333333333333336
293.291145,71.0
294.1291197,75.66666666666667
294.9670944,72.0
295.8050691,72.0
296.6430438,63.0
297.4810185,66.33333333333333
298.3189932,70.66666666666667
299.1569679,67.33333333333333
299.9949426,64.66666666666667
300.8329173,66.66666666666667
301.670892,59.0
302.5088667,72.0
303.3468414,68.0
304.1848161,75.0
305.0227908,75.33333333333333
305.8607655,76.33333333333333
306.6987402,71.0
307.5367149,62.333333333333336
308.3746896,71.33333333333333
309.2126643,62.333333333333336
310.050639,67.66666666666667
310.8886137,62.666666666666664
311.7265884,67.33333333333333
312.5645631,72.66666666666667
313.4025378,66.66666666666667
314.2405125,66.66666666666667
315.0784872,63.333333333333336
315.9164619,68.0
316.7544366,69.33333333333333
317.5924113,76.33333333333333
318.430386,59.333333333333336
319.2683607,68.66666666666667
320.1063354,76.33333333333333
320.9443101,66.66666666666667
321.7822848,61.333333333333336
322.6202595,62.666666666666664
323.4582342,68.33333333333333
324.2962089,66.66666666666667
325.1341836,61.0
325.9721583,64.33333333333333
326.810133,51.666666666666664
327.6481077,64.33333333333333
328.4860824,60.666666666666664
329.3240571,69.33333333333333
330.1620318,62.666666666666664
331.0000065,68.66666666666667
331.8379812,55.0
332.6759559,56.0
333.5139306,62.666666666666664
334.3519053,53.0
335.18988,61.0
336.0278547,61.0
336.8658294,54.0
337.7038041,53.333333333333336
338.5417788,57.333333333333336
339.3797535,48.333333333333336
340.2177282,52.333333333333336
341.0557029,50.333333333333336
341.8936776,48.333333333333336
342.7316523,46.333333333333336
343.569627,50.666666666666664
344.4076017,49.0
345.24557639999995,45.666666666666664
346.0835511,49.666666666666664
346.9215258,45.666666666666664
347.7595005,46.333333333333336
348.5974752,36.0
349.4354498999999,41.666666666666664
350.2734246,45.0
351.1113993000001,44.333333333333336
351.949374,37.333333333333336
352.7873487,44.0
353.6253234,40.333333333333336
354.4632981,39.666666666666664
355.30127280000005,36.666666666666664
356.1392475,39.0
356.97722219999997,40.666666666666664
357.8151969,27.666666666666668
358.6531716,37.0
359.4911463,36.0
360.329121,34.0
361.16709569999995,29.0
362.0050704,36.333333333333336
362.8430451,35.0
363.6810198,26.666666666666668
364.5189945,24.666666666666668
365.3569691999999,32.666666666666664
366.1949439,30.666666666666668
367.0329186000001,26.0
367.8708933,29.0
368.708868,27.0
369.5468427,27.666666666666668
370.3848174,25.666666666666668
371.22279210000005,29.0
372.0607668,29.333333333333332
372.89874149999997,28.0
373.7367162,24.0
374.5746909,26.0
375.4126656,29.0
376.2506403,25.333333333333332
377.08861499999995,21.333333333333332
377.9265897,21.666666666666668
378.7645644,26.0
379.6025391,21.333333333333332
380.4405138,27.333333333333332
381.2784884999999,26.0
382.1164632,20.666666666666668
382.9544379000001,22.333333333333332
383.7924126,24.0
384.6303873,23.333333333333332
385.468362,25.666666666666668
386.3063367,23.666666666666668
387.14431140000005,23.666666666666668
387.9822861,23.333333333333332
388.82026079999997,21.0
389.6582355,19.0
390.4962102,17.666666666666668
391.3341849,23.0
392.1721596,22.333333333333332
393.01013429999995,23.333333333333332
393.848109,19.333333333333332
394.6860837,20.0
395.5240584,22.333333333333332
396.3620331,27.666666666666668
397.2000077999999,22.0
398.0379825,17.666666666666668
398.8759572000001,19.666666666666668
399.7139319,24.0
400.5519066,15.666666666666666
401.3898813,19.0
402.227856,24.0
403.06583070000005,18.333333333333332
403.9038054,21.333333333333332
404.74178009999997,16.0
405.5797548,19.0
406.4177295,19.666666666666668
407.2557042,17.333333333333332
408.0936789,18.0
408.93165359999995,25.666666666666668
409.7696283,21.333333333333332
410.607603,18.0
411.4455777,15.666666666666666
412.2835524,20.333333333333332
413.1215270999999,17.666666666666668
413.9595018,20.333333333333332
414.7974765000001,20.0
415.6354512,16.0
416.4734259,22.0
417.3114006,16.333333333333332
418.1493753,19.0
418.98735000000005,13.333333333333334
419.8253247,20.0
420.66329939999997,16.666666666666668
421.5012741,17.666666666666668
422.3392488,19.666666666666668
423.1772235,18.0
424.0151982,22.333333333333332
424.85317289999995,14.666666666666666
425.6911476,22.0
426.5291223,19.0
427.367097,20.333333333333332
428.2050717,21.666666666666668
429.0430463999999,21.333333333333332
429.8810211,19.0
430.7189958000001,23.0
431.5569705,19.666666666666668
432.3949452,16.666666666666668
433.2329199,23.0
434.0708946,24.0
434.90886930000005,19.666666666666668
435.746844,20.666666666666668
436.58481869999997,24.333333333333332
437.4227934,18.0
438.2607681,18.0
439.0987428,24.0
439.9367175,17.0
440.77469219999995,23.0
441.6126669,20.0
442.4506416,25.0
443.2886163,26.666666666666668
444.126591,24.0
444.9645656999999,24.333333333333332
445.8025404,27.333333333333332
446.6405151000001,28.0
447.4784898,22.333333333333332
448.3164645,29.0
449.1544392,27.333333333333332
449.9924139,33.333333333333336
450.83038860000005,30.333333333333332
451.6683633,30.666666666666668
452.50633799999997,33.0
453.3443127,29.0
454.1822874,33.0
455.0202621,38.0
455.8582368,36.666666666666664
456.69621149999995,31.333333333333332
457.5341862,35.0
458.3721609,38.0
459.2101356,42.0
460.0481103,45.666666666666664
460.8860849999999,38.666666666666664
461.7240597,50.0
462.5620344000001,47.666666666666664
463.4000091,48.666666666666664
464.2379838,52.333333333333336
465.0759585,50.0
465.9139332,61.0
466.75190790000005,58.0
467.5898826,65.33333333333333
468.42785729999997,60.666666666666664
469.265832,70.33333333333333
470.1038067,69.0
470.9417814,79.66666666666667
471.7797561,83.33333333333333
472.61773079999995,81.0
473.4557055,83.33333333333333
474.2936802,83.66666666666667
475.1316549,93.33333333333333
475.9696296,94.0
476.8076042999999,104.66666666666667
477.645579,105.66666666666667
478.4835537000001,120.66666666666667
479.3215284,107.66666666666667
480.1595031,115.33333333333333
480.9974778,120.33333333333333
481.8354525,135.66666666666666
482.67342720000005,130.66666666666666
483.5114019,134.66666666666666
484.34937659999997,135.33333333333334
485.1873513,156.66666666666666
486.025326,150.33333333333334
486.8633007,149.33333333333334
487.7012754,165.66666666666666
488.53925009999995,164.66666666666666
489.3772248,198.33333333333334
490.2151995,187.0
491.0531742,175.33333333333334
491.8911489,184.66666666666666
492.7291235999999,188.33333333333334
493.5670983,194.33333333333334
494.4050730000001,212.0
495.2430477,218.66666666666666
496.0810224,211.0
496.9189971,234.0
497.7569718,234.66666666666666
498.59494650000005,237.0
499.4329212,245.33333333333334
500.27089589999997,264.3333333333333
501.1088706,264.0
501.9468453,262.0
502.78482,255.33333333333334
503.6227947,260.3333333333333
504.46076939999995,259.6666666666667
505.2987441,283.6666666666667
506.1367188,268.6666666666667
506.9746935,286.6666666666667
507.8126682,297.0
508.6506428999999,286.6666666666667
509.4886176,305.0
510.3265923000001,286.3333333333333
511.164567,274.0
512.0025416999999,288.6666666666667
512.8405164,298.3333333333333
513.6784911,288.3333333333333
514.5164658,315.3333333333333
515.3544405,304.3333333333333
516.1924152,300.6666666666667
517.0303898999999,299.6666666666667
517.8683646,291.6666666666667
518.7063393,302.0
519.544314,311.3333333333333
520.3822887,308.3333333333333
521.2202634,306.3333333333333
522.0582380999999,313.6666666666667
522.8962128,299.3333333333333
523.7341875,282.6666666666667
524.5721622,276.6666666666667
525.4101369,289.0
526.2481116,281.6666666666667
527.0860862999999,278.6666666666667
527.9240609999999,274.0
528.7620357,271.6666666666667
529.6000104,268.0
530.4379851,246.0
531.2759598,234.33333333333334
532.1139345,244.0
532.9519091999999,247.0
533.7898839,225.33333333333334
534.6278586,247.66666666666666
535.4658333,215.0
536.303808,227.66666666666666
537.1417827,202.33333333333334
537.9797573999999,225.66666666666666
538.8177321,193.66666666666666
539.6557068,184.0
540.4936815,177.66666666666666
541.3316562,189.33333333333334
542.1696309,175.0
543.0076055999999,174.33333333333334
543.8455802999999,158.66666666666666
544.683555,164.0
545.5215297,155.0
546.3595044,148.66666666666666
547.1974791,150.33333333333334
548.0354538,137.0
548.8734284999999,116.66666666666667
549.7114032,126.0
550.5493779,125.0
551.3873526,114.33333333333333
552.2253273,103.33333333333333
553.063302,95.0
553.9012766999999,87.33333333333333
554.7392514,85.33333333333333
555.5772261,84.33333333333333
556.4152008,85.0
557.2531755,77.66666666666667
558.0911502,78.0
558.9291248999999,67.33333333333333
559.7670995999999,66.0
560.6050743,63.0
561.443049,59.0
562.2810237,55.666666666666664
563.1189984,49.333333333333336
563.9569731,45.0
564.7949477999999,42.0
565.6329225,43.666666666666664
566.4708972,36.0
567.3088719,32.333333333333336
568.1468466,36.333333333333336
568.9848213,35.0
569.8227959999999,30.666666666666668
570.6607707,29.666666666666668
571.4987454,26.0
572.3367201,25.0
573.1746948,26.666666666666668
574.0126695,23.0
574.8506441999999,23.0
575.6886188999999,23.666666666666668
576.5265936,23.333333333333332
577.3645683,18.666666666666668
578.202543,15.666666666666666
579.0405177,19.666666666666668
579.8784924,12.0
580.7164670999999,22.333333333333332
581.5544418,14.0
582.3924165,17.0
583.2303912,12.666666666666666
584.0683659,13.666666666666666
584.9063406,13.666666666666666
585.7443152999999,14.333333333333334
586.58229,10.333333333333334
587.4202647,17.333333333333332
588.2582394,12.0
589.0962141,11.333333333333334
589.9341888,11.666666666666666
590.7721634999999,15.333333333333334
591.6101381999999,11.666666666666666
592.4481129,11.0
593.2860876,17.666666666666668
594.1240623,10.333333333333334
594.962037,11.333333333333334
595.8000117,10.666666666666666
596.6379863999999,11.333333333333334
597.4759611,12.333333333333334
598.3139358,13.333333333333334
599.1519105,11.666666666666666
599.9898852,9.0
600.8278599,13.666666666666666
601.6658345999999,11.666666666666666
602.5038093,13.333333333333334
603.341784,10.333333333333334
604.1797587,10.333333333333334
605.0177334,11.0
605.8557081,9.333333333333334
606.6936827999999,13.666666666666666
607.5316574999999,8.666666666666666
608.3696322,9.0
609.2076069,7.333333333333333
610.0455816,14.0
610.8835563,14.666666666666666
611.721531,13.0
612.5595056999999,11.333333333333334
613.3974804,9.666666666666666
614.2354551,8.0
615.0734298,9.0
615.9114045,13.333333333333334
616.7493792,11.666666666666666
617.5873538999999,8.333333333333334
618.4253286,8.0
619.2633033,13.666666666666666
620.101278,9.666666666666666
620.9392527,11.333333333333334
621.7772274,11.0
622.6152020999999,8.0
623.4531767999999,11.0
624.2911515,10.0
625.1291262,15.666666666666666
625.9671009,11.333333333333334
626.8050756,11.0
627.6430503,12.666666666666666
628.4810249999999,10.333333333333334
629.3189997,9.666666666666666
630.1569744,10.666666666666666
630.9949491,9.666666666666666
631.8329238,12.333333333333334
632.6708985,10.666666666666666
633.5088731999999,13.0
634.3468479,10.333333333333334
635.1848226,9.666666666666666
636.0227973,13.333333333333334
636.860772,11.333333333333334
637.6987467,10.333333333333334
638.5367213999999,8.0
639.3746960999999,9.333333333333334
640.2126708,12.0
641.0506455,9.333333333333334
641.8886202,13.666666666666666
642.7265949,12.666666666666666
643.5645695999999,15.333333333333334
644.4025442999999,8.666666666666666
645.240519,10.333333333333334
646.0784937,10.666666666666666
646.9164684,12.0
647.7544431,8.666666666666666
648.5924178,11.666666666666666
649.4303924999999,9.333333333333334
650.2683672,10.333333333333334
651.1063419,11.0
651.9443166,11.333333333333334
652.7822913,9.666666666666666
653.620266,10.666666666666666
654.4582406999999,10.666666666666666
655.2962153999999,7.666666666666667
656.1341901,9.0
656.9721648,8.666666666666666
657.8101395,10.333333333333334
658.6481142,9.0
659.4860888999999,8.0
660.3240635999999,8.666666666666666
661.1620383,12.666666666666666
662.000013,9.333333333333334
662.8379877,11.0
663.6759624,10.333333333333334
664.5139371,8.666666666666666
665.3519117999999,8.666666666666666
666.1898865,10.666666666666666
667.0278612,15.333333333333334
667.8658359,12.0
668.7038106,11.666666666666666
669.5417853,9.666666666666666
670.3797599999999,14.666666666666666
671.2177346999999,10.0
672.0557094,10.0
672.8936841,10.333333333333334
673.7316588,13.333333333333334
674.5696335,14.666666666666666
675.4076081999999,13.0
676.2455828999999,12.666666666666666
677.0835576,9.333333333333334
677.9215323,11.333333333333334
678.759507,10.666666666666666
679.5974817,9.666666666666666
680.4354564,10.666666666666666
681.2734310999999,9.666666666666666
682.1114057999999,11.333333333333334
682.9493804999998,12.0
683.7873552,11.666666666666666
684.6253299,12.333333333333334
685.4633046,10.666666666666666
686.3012792999999,11.333333333333334
687.139254,10.666666666666666
687.9772287,11.0
688.8152034,12.333333333333334
689.6531781,11.333333333333334
690.4911527999999,15.666666666666666
691.3291274999998,13.333333333333334
692.1671021999999,16.666666666666668
693.0050769,11.666666666666666
693.8430516,11.333333333333334
694.6810263000001,13.0
695.519001,12.333333333333334
696.3569757,10.333333333333334
697.1949503999999,10.0
698.0329250999999,9.333333333333334
698.8708997999998,15.0
699.7088745,13.0
700.5468492,17.333333333333332
701.3848239,13.666666666666666
702.2227985999999,11.666666666666666
703.0607733,11.666666666666666
703.898748,8.666666666666666
704.7367227,10.333333333333334
705.5746974,13.0
706.4126720999999,13.666666666666666
707.2506467999998,11.0
708.0886214999999,12.0
708.9265962,17.0
709.7645709,11.0
710.6025456000001,10.333333333333334
711.4405203,9.666666666666666
712.278495,13.0
713.1164696999999,10.0
713.9544443999999,14.333333333333334
714.7924190999998,13.333333333333334
715.6303938,11.333333333333334
716.4683685,10.333333333333334
717.3063432,10.666666666666666
718.1443178999999,8.333333333333334
718.9822926,11.333333333333334
719.8202673,12.333333333333334
720.658242,14.666666666666666
721.4962167,10.666666666666666
722.3341913999999,10.666666666666666
723.1721660999998,9.666666666666666
724.0101407999999,10.333333333333334
724.8481155,12.666666666666666
725.6860902,13.0
726.5240649000001,10.0
727.3620396,10.666666666666666
728.2000143,8.666666666666666
729.0379889999999,11.0
729.8759636999999,8.0
730.7139383999998,9.333333333333334
731.5519131,15.333333333333334
732.3898878,13.666666666666666
733.2278625,12.333333333333334
734.0658371999999,14.0
734.9038119,8.333333333333334
735.7417866,12.333333333333334
736.5797613,9.0
737.417736,12.0
738.2557106999999,9.666666666666666
739.0936853999998,12.666666666666666
739.9316600999999,12.0
740.7696348,13.666666666666666
741.6076095,7.0
742.4455842000001,11.333333333333334
743.2835589,11.333333333333334
744.1215336,11.333333333333334
744.9595082999999,8.666666666666666
745.7974829999999,10.0
746.6354576999998,10.0
747.4734324,12.333333333333334
748.3114071,11.0
749.1493818,11.666666666666666
749.9873564999999,9.666666666666666
750.8253312,11.333333333333334
751.6633059,11.333333333333334
752.5012806,12.333333333333334
753.3392553,12.666666666666666
754.1772299999999,13.333333333333334
755.0152046999998,12.0
755.8531793999999,12.333333333333334
756.6911541,11.0
757.5291288,12.666666666666666
758.3671035000001,8.666666666666666
759.2050782,13.333333333333334
760.0430529,11.666666666666666
760.8810275999999,15.0
761.7190022999999,14.0
762.5569769999998,10.666666666666666
763.3949517,13.666666666666666
764.2329264,12.0
765.0709011,9.333333333333334
765.9088757999999,14.333333333333334
766.7468505,12.666666666666666
767.5848252,10.333333333333334
768.4227999,9.333333333333334
769.2607746,11.0
770.0987492999999,8.666666666666666
770.9367239999998,10.666666666666666
771.7746986999999,11.666666666666666
772.6126734,14.333333333333334
773.4506481,15.0
774.2886228000001,8.333333333333334
775.1265975,12.666666666666666
775.9645722,15.333333333333334
776.8025468999999,10.666666666666666
777.6405215999999,9.0
778.4784962999998,10.666666666666666
779.316471,14.0
780.1544457,13.333333333333334
780.9924204,10.333333333333334
781.8303950999999,11.333333333333334
782.6683698,11.0
783.5063445,9.333333333333334
784.3443192,10.0
785.1822939,10.0
786.0202685999999,12.0
786.8582432999998,12.333333333333334
787.6962179999999,12.333333333333334
788.5341927,9.0
789.3721674,9.666666666666666
790.2101421000001,10.333333333333334
791.0481168,13.0
791.8860914999999,11.666666666666666
792.7240661999999,11.0
793.5620408999999,11.666666666666666
794.4000155999998,13.0
795.2379903,14.333333333333334
796.075965,10.0
796.9139397,8.666666666666666
797.7519143999999,10.666666666666666
798.5898891,9.666666666666666
799.4278638,12.0
800.2658385,13.0
801.1038132,10.666666666666666
801.9417878999999,12.666666666666666
802.7797625999998,11.666666666666666
803.6177372999999,10.0
804.455712,11.333333333333334
805.2936867,11.0
806.1316614000001,12.0
806.9696361,14.666666666666666
807.8076107999999,12.666666666666666
808.6455854999999,9.333333333333334
809.4835601999999,9.0
810.3215348999998,12.666666666666666
811.1595096,9.333333333333334
811.9974843,17.0
812.835459,13.0
813.6734336999999,10.666666666666666
814.5114084,13.333333333333334
815.3493831,10.666666666666666
816.1873578,10.333333333333334
817.0253325,10.333333333333334
817.8633071999999,8.0
818.7012818999998,11.666666666666666
819.5392565999999,13.333333333333334
820.3772313,11.333333333333334
821.215206,10.666666666666666
822.0531807000001,9.0
822.8911554,14.666666666666666
823.7291300999999,8.666666666666666
824.5671047999999,8.333333333333334
825.4050794999999,10.666666666666666
826.2430541999998,8.333333333333334
827.0810289,12.333333333333334
827.9190036,13.0
828.7569783,7.0
829.5949529999999,10.333333333333334
830.4329277,13.0
831.2709024,8.0
832.1088771,11.333333333333334
832.9468518,11.666666666666666
833.7848264999999,10.666666666666666
834.6228011999998,10.666666666666666
835.4607758999999,10.666666666666666
836.2987506,15.0
837.1367253,10.333333333333334
837.9747000000001,13.333333333333334
838.8126747,9.333333333333334
839.6506493999999,11.0
840.4886240999999,12.666666666666666
841.3265987999999,12.0
842.1645734999998,13.0
843.0025482,12.0
843.8405229,10.666666666666666
844.6784976,12.666666666666666
845.5164722999999,9.0
846.354447,11.333333333333334
847.1924217,9.333333333333334
848.0303964,13.0
848.8683711,13.0
849.7063457999999,12.0
850.5443204999998,11.333333333333334
851.3822951999999,12.666666666666666
852.2202699,11.0
853.0582446,11.333333333333334
853.8962193000001,13.333333333333334
854.734194,9.666666666666666
855.5721686999999,14.0
856.4101433999999,12.333333333333334
857.2481180999999,8.333333333333334
858.0860927999998,16.666666666666668
858.9240675,10.666666666666666
859.7620422,13.333333333333334
860.6000169,10.666666666666666
861.4379915999999,11.666666666666666
862.2759663,11.666666666666666
863.113941,11.333333333333334
863.9519157,13.0
864.7898904,11.0
865.6278650999999,5.333333333333333
866.4658397999998,8.666666666666666
867.3038144999999,12.333333333333334
868.1417892,12.0
868.9797639,9.666666666666666
869.8177386000001,11.333333333333334
870.6557133,12.333333333333334
871.4936879999999,15.333333333333334
872.3316626999999,13.333333333333334
873.1696373999999,10.666666666666666
874.0076120999998,15.666666666666666
874.8455868,8.333333333333334
875.6835615,14.666666666666666
876.5215362,15.333333333333334
877.3595108999999,12.333333333333334
878.1974856,17.333333333333332
879.0354603,12.333333333333334
879.873435,11.333333333333334
880.7114097,13.333333333333334
881.5493843999999,13.666666666666666
882.3873590999998,14.0
883.2253337999999,12.0
884.0633085,12.333333333333334
884.9012832,12.666666666666666
885.7392579000001,14.0
886.5772326,8.333333333333334
887.4152072999999,15.666666666666666
888.2531819999999,9.0
889.0911566999999,10.0
889.9291313999998,10.333333333333334
890.7671061,15.333333333333334
891.6050808,10.0
892.4430555,10.0
893.2810301999999,14.666666666666666
894.1190049,11.0
894.9569796,14.666666666666666
895.7949543,12.333333333333334
896.632929,15.0
897.4709036999999,15.333333333333334
898.3088783999998,14.0
899.1468530999999,11.666666666666666
899.9848278,14.0
900.8228025,12.333333333333334
901.6607772000001,11.0
902.4987519,14.666666666666666
903.3367266,12.0
904.1747013,14.666666666666666
905.0126759999999,9.666666666666666
905.8506506999998,11.0
906.6886254,11.666666666666666
907.5266001,11.666666666666666
908.3645748,10.666666666666666
909.2025495000001,15.0
910.0405242,10.0
910.8784989,15.333333333333334
911.7164736,12.666666666666666
912.5544483,11.333333333333334
913.3924229999999,13.666666666666666
914.2303977,9.0
915.0683724,14.0
915.9063471,11.666666666666666
916.7443218,15.0
917.5822965000001,9.666666666666666
918.4202712,13.666666666666666
919.2582459,13.333333333333334
920.0962206,12.333333333333334
920.9341952999999,11.666666666666666
921.7721699999998,12.666666666666666
922.6101447,11.0
923.4481194,11.0
924.2860941,14.333333333333334
925.1240688000001,12.0
925.9620435,13.333333333333334
926.8000182,13.0
927.6379929,10.0
928.4759676,11.666666666666666
929.3139422999999,15.0
930.151917,15.0
930.9898917,8.666666666666666
931.8278664,8.666666666666666
932.6658411,12.666666666666666
933.5038158000001,10.0
934.3417905,14.0
935.1797652,16.0
936.0177399,11.333333333333334
936.8557145999999,12.333333333333334
937.6936892999998,12.666666666666666
938.531664,14.666666666666666
939.3696387,15.666666666666666
940.2076134,14.666666666666666
941.0455881000001,9.666666666666666
941.8835628,11.333333333333334
942.7215375,11.0
943.5595122,14.333333333333334
944.3974869,10.333333333333334
945.2354615999999,10.666666666666666
946.0734363,14.0
946.911411,13.666666666666666
947.7493857,13.666666666666666
948.5873604,15.666666666666666
949.4253351000001,9.666666666666666
950.2633098,9.666666666666666
951.1012845,11.0
951.9392592,13.333333333333334
952.7772338999999,12.333333333333334
953.6152085999998,12.0
954.4531833,11.0
955.291158,15.666666666666666
956.1291327,12.0
956.9671074000001,8.666666666666666
957.8050821,9.0
958.6430568,12.0
959.4810315,12.333333333333334
960.3190062,10.0
961.1569808999999,12.666666666666666
961.9949556,12.666666666666666
962.8329303,15.666666666666666
963.670905,11.333333333333334
964.5088797,14.666666666666666
965.3468544000001,11.666666666666666
966.1848291,11.0
967.0228038,14.0
967.8607785,16.333333333333332
968.6987531999999,17.333333333333332
969.5367278999998,12.0
970.3747026,9.666666666666666
971.2126773,11.666666666666666
972.050652,11.666666666666666
972.8886267000001,13.666666666666666
973.7266014,12.333333333333334
974.5645761,11.666666666666666
975.4025508,14.666666666666666
976.2405255,15.0
977.0785001999999,13.333333333333334
977.9164749,9.666666666666666
978.7544496,13.666666666666666
979.5924243,8.333333333333334
980.430399,13.0
981.2683737000001,12.0
982.1063484,12.333333333333334
982.9443231,12.666666666666666
983.7822978,10.0
984.6202724999999,10.0
985.4582471999998,18.333333333333332
986.2962219,14.333333333333334
987.1341966,14.0
987.9721713,10.333333333333334
988.8101460000001,8.666666666666666
989.6481207,14.666666666666666
990.4860954,10.666666666666666
991.3240701,15.0
992.1620448,10.666666666666666
993.0000194999999,13.0
993.8379942,13.333333333333334
994.6759689,13.333333333333334
995.5139436,11.333333333333334
996.3519183,11.666666666666666
997.1898930000001,10.666666666666666
998.0278677,12.666666666666666
998.8658424,11.666666666666666
999.7038171,12.333333333333334
1000.5417917999999,16.333333333333332
1001.3797664999998,10.333333333333334
1002.2177412,12.0
1003.0557159,12.333333333333334
1003.8936906,9.333333333333334
1004.7316653000001,13.0
1005.56964,11.0
1006.4076147,12.0
1007.2455894,12.666666666666666
1008.0835641,10.0
1008.9215387999999,11.0
1009.7595135,7.0
1010.5974882,11.0
1011.4354629,13.0
1012.2734376,10.0
1013.1114123000001,10.0
1013.949387,12.0
1014.7873617,7.666666666666667
1015.6253364,11.333333333333334
1016.4633110999999,10.0
1017.3012857999998,12.666666666666666
1018.1392605,5.666666666666667
1018.9772352,13.333333333333334
1019.8152099,11.333333333333334
1020.6531846000001,11.333333333333334
1021.4911593,12.666666666666666
1022.329134,13.0
1023.1671087,7.0
1024.0050834,11.666666666666666
1024.8430581,6.666666666666667
1025.6810328,10.333333333333334
1026.5190075,10.333333333333334
1027.3569822,11.0
1028.1949569,8.666666666666666
1029.0329316,15.0
1029.8709063,7.666666666666667
1030.708881,8.666666666666666
1031.5468557,12.666666666666666
1032.3848304,9.0
1033.2228051,8.666666666666666
1034.0607798,11.333333333333334
1034.8987545,9.666666666666666
1035.7367292,11.0
1036.5747039,7.333333333333333
1037.4126786,10.0
1038.2506532999998,9.333333333333334
1039.088628,6.0
1039.9266027,7.0
1040.7645774,7.666666666666667
1041.6025521,10.666666666666666
1042.4405268,10.0
1043.2785015,10.333333333333334
1044.1164762,9.0
1044.9544509,8.0
1045.7924256,9.0
1046.6304003,8.0
1047.468375,12.333333333333334
1048.3063497,7.333333333333333
1049.1443244,8.333333333333334
1049.9822991,10.0
1050.8202738,8.333333333333334
1051.6582485,8.0
1052.4962232,10.0
1053.3341979,5.0
1054.1721725999998,5.666666666666667
1055.0101473,9.0
1055.848122,8.666666666666666
1056.6860967,6.666666666666667
1057.5240714,4.666666666666667
1058.3620461,9.0
1059.2000208,8.666666666666666
1060.0379955,5.666666666666667
1060.8759702,8.0
1061.7139449,6.0
1062.5519196,7.333333333333333
1063.3898943,5.0
1064.227869,4.333333333333333
1065.0658437,4.666666666666667
1065.9038184,5.0
1066.7417931,8.666666666666666
1067.5797678,6.0
1068.4177425,9.333333333333334
1069.2557172,6.0
1070.0936918999998,6.0
1070.9316666,8.0
1071.7696413,7.0
1072.607616,4.0
1073.4455907,5.333333333333333
1074.2835654,6.0
1075.1215401,7.333333333333333
1075.9595148,7.0
1076.7974895,4.666666666666667
1077.6354642,8.333333333333334
1078.4734389,5.666666666666667
1079.3114136,6.333333333333333
1080.1493883,4.333333333333333
1080.987363,5.333333333333333
1081.8253377,5.333333333333333
1082.6633124,6.666666666666667
1083.5012871,5.0
1084.3392618,6.333333333333333
1085.1772365,3.3333333333333335
1086.0152111999998,10.333333333333334
1086.8531859,3.6666666666666665
1087.6911606,5.0
1088.5291353,6.333333333333333
1089.36711,3.3333333333333335
1090.2050847,3.3333333333333335
1091.0430594,3.0
1091.8810341,3.3333333333333335
1092.7190088,4.666666666666667
1093.5569835,3.6666666666666665
1094.3949582,5.0
1095.2329329,6.333333333333333
1096.0709076,3.3333333333333335
1096.9088823,4.666666666666667
1097.746857,4.333333333333333
1098.5848317,5.666666666666667
1099.4228064,5.0
1100.2607811,5.0
1101.0987558,5.666666666666667
1101.9367304999998,5.666666666666667
1102.7747052,6.666666666666667
1103.6126799,5.333333333333333
1104.4506546,5.666666666666667
1105.2886293,3.0
1106.126604,5.0
1106.9645787,3.6666666666666665
1107.8025534,6.333333333333333
1108.6405281,4.333333333333333
1109.4785028,4.666666666666667
1110.3164775,4.0
1111.1544522,1.6666666666666667
1111.9924269,5.666666666666667
1112.8304016,3.0
1113.6683763,9.0
1114.506351,3.0
1115.3443257,4.333333333333333
1116.1823004,6.0
1117.0202751,4.0
1117.8582497999998,3.3333333333333335
1118.6962245,3.0
1119.5341992,6.333333333333333
1120.3721739,5.0
1121.2101486,3.3333333333333335
1122.0481233,4.333333333333333
1122.886098,4.0
1123.7240727,5.333333333333333
1124.5620474,6.0
1125.4000221,2.3333333333333335
1126.2379968,4.0
1127.0759715,3.3333333333333335
1127.9139462,4.333333333333333
1128.7519209,3.3333333333333335
1129.5898956,4.666666666666667
1130.4278703,5.333333333333333
1131.265845,7.0
1132.1038197,4.666666666666667
1132.9417944,5.333333333333333
1133.7797690999998,4.666666666666667
1134.6177438,3.6666666666666665
1135.4557185,6.0
1136.2936932,4.333333333333333
1137.1316679,4.666666666666667
1137.9696426,2.6666666666666665
1138.8076173,4.333333333333333
1139.645592,5.0
1140.4835667,6.333333333333333
1141.3215414,5.333333333333333
1142.1595161,5.666666666666667
1142.9974908,5.333333333333333
1143.8354655,5.333333333333333
1144.6734402,3.0
1145.5114149,3.3333333333333335
1146.3493896,6.0
1147.1873643,5.666666666666667
1148.025339,5.0
1148.8633137,6.0
1149.7012883999998,5.333333333333333
1150.5392631,6.666666666666667
1151.3772378,3.3333333333333335
1152.2152125,7.333333333333333
1153.0531872,10.0
1153.8911619,5.333333333333333
1154.7291366,6.666666666666667
1155.5671113,6.666666666666667
1156.405086,3.3333333333333335
1157.2430607,5.0
1158.0810354,8.0
1158.9190101,10.333333333333334
1159.7569848,9.333333333333334
1160.5949595,3.3333333333333335
1161.4329342,9.0
1162.2709089,5.333333333333333
1163.1088836,6.333333333333333
1163.9468583,7.0
1164.784833,5.666666666666667
1165.6228076999998,7.333333333333333
1166.4607824,4.0
1167.2987571,9.0
1168.1367318,8.666666666666666
1168.9747065,9.0
1169.8126812,7.333333333333333
1170.6506559,8.333333333333334
1171.4886306,5.666666666666667
1172.3266053,7.0
1173.16458,8.0
1174.0025547,8.666666666666666
1174.8405294,10.333333333333334
1175.6785041,7.0
1176.5164788,7.666666666666667
1177.3544535,11.333333333333334
1178.1924282,8.666666666666666
1179.0304029,13.0
1179.8683776,10.666666666666666
1180.7063523,12.0
1181.5443269999998,14.0
1182.3823017,9.333333333333334
1183.2202764,11.666666666666666
1184.0582511,9.333333333333334
1184.8962258,6.333333333333333
1185.7342005,14.666666666666666
1186.5721752,12.333333333333334
1187.4101499,14.333333333333334
1188.2481246,11.0
1189.0860993,10.666666666666666
1189.924074,15.0
1190.7620487,17.0
1191.6000234,15.666666666666666
1192.4379981,20.333333333333332
1193.2759728,11.666666666666666
1194.1139475,10.666666666666666
1194.9519222,15.0
1195.7898969,11.666666666666666
1196.6278716,13.666666666666666
1197.4658462999998,12.0
1198.303821,14.0
1199.1417957,13.0
1199.9797704,11.333333333333334
1200.8177451,13.666666666666666
1201.6557198,11.666666666666666
1202.4936945,13.0
1203.3316692,15.0
1204.1696439,18.666666666666668
1205.0076186,12.333333333333334
1205.8455933,21.0
1206.683568,17.333333333333332
1207.5215427,16.333333333333332
1208.3595174,17.666666666666668
1209.1974921,18.0
1210.0354668,21.0
1210.8734415,16.333333333333332
1211.7114162,16.666666666666668
1212.5493909,18.666666666666668
1213.3873655999998,17.0
1214.2253403,17.666666666666668
1215.063315,21.0
1215.9012897,25.0
1216.7392644,14.666666666666666
1217.5772391,20.0
1218.4152138,22.666666666666668
1219.2531885,24.333333333333332
1220.0911632,18.333333333333332
1220.9291379,20.0
1221.7671126,22.0
1222.6050873,18.666666666666668
1223.443062,15.666666666666666
1224.2810367,19.333333333333332
1225.1190114,21.333333333333332
1225.9569861,21.333333333333332
1226.7949608,23.666666666666668
1227.6329355,20.333333333333332
1228.4709102,22.666666666666668
1229.3088848999998,22.0
1230.1468596,22.0
1230.9848343,22.666666666666668
1231.822809,17.333333333333332
1232.6607837,20.0
1233.4987584,20.333333333333332
1234.3367331,23.333333333333332
1235.1747078,22.333333333333332
1236.0126825,23.666666666666668
1236.8506572,22.666666666666668
1237.6886319,24.0
1238.5266066,21.0
1239.3645813,21.333333333333332
1240.202556,16.666666666666668
1241.0405307,22.666666666666668
1241.8785054,27.666666666666668
1242.7164801,21.666666666666668
1243.5544548,21.666666666666668
1244.3924295,21.0
1245.2304041999998,26.0
1246.0683789,21.0
1246.9063536,23.0
1247.7443283,23.0
1248.582303,23.333333333333332
1249.4202777,25.333333333333332
1250.2582524,19.666666666666668
1251.0962271,27.333333333333332
1251.9342018,24.0
1252.7721765,21.333333333333332
1253.6101512,17.333333333333332
1254.4481259,21.666666666666668
1255.2861006,22.666666666666668
1256.1240753,18.333333333333332
1256.96205,22.333333333333332
1257.8000247,25.0
1258.6379994,19.666666666666668
1259.4759741,20.0
1260.3139488,21.333333333333332
1261.1519234999998,23.0
1261.9898982,23.0
1262.8278729,20.666666666666668
1263.6658476,27.0
1264.5038223,18.0
1265.341797,24.0
1266.1797717,19.0
1267.0177464,21.666666666666668
1267.8557211,22.0
1268.6936958,23.0
1269.5316705,21.666666666666668
1270.3696452,19.0
1271.2076199,18.666666666666668
1272.0455946,24.666666666666668
1272.8835693,21.666666666666668
1273.721544,21.0
1274.5595187,19.0
1275.3974934,17.0
1276.2354681,17.666666666666668
1277.0734427999998,25.0
1277.9114175,20.333333333333332
1278.7493922,17.666666666666668
1279.5873669,23.333333333333332
1280.4253416,21.0
1281.2633163,18.666666666666668
1282.101291,17.333333333333332
1282.9392657,25.0
1283.7772404,20.0
1284.6152151,16.666666666666668
1285.4531898,17.333333333333332
1286.2911645,16.333333333333332
1287.1291391999998,19.0
1287.9671139,17.666666666666668
1288.8050886,18.666666666666668
1289.6430633,20.0
1290.481038,21.0
1291.3190127,17.0
1292.1569874,16.0
1292.9949620999998,14.333333333333334
1293.8329368,18.333333333333332
1294.6709115,17.666666666666668
1295.5088862,13.333333333333334
1296.3468609,18.666666666666668
1297.1848356,15.666666666666666
1298.0228103,13.666666666666666
1298.860785,18.666666666666668
1299.6987597,12.333333333333334
1300.5367344,16.333333333333332
1301.3747091,14.333333333333334
1302.2126838,12.0
1303.0506584999998,17.0
1303.8886332,17.666666666666668
1304.7266079,12.333333333333334
1305.5645826,14.333333333333334
1306.4025573,16.333333333333332
1307.240532,13.333333333333334
1308.0785067,13.333333333333334
1308.9164813999998,12.0
1309.7544561,17.0
1310.5924308,11.666666666666666
1311.4304055,10.666666666666666
1312.2683802,12.333333333333334
1313.1063549,9.666666666666666
1313.9443296,9.333333333333334
1314.7823043,10.666666666666666
1315.620279,10.0
1316.4582537,9.666666666666666
1317.2962284,8.333333333333334
1318.1342031,5.0
1318.9721777999998,10.0
1319.8101525,7.333333333333333
1320.6481272,7.333333333333333
1321.4861019,7.666666666666667
1322.3240766,7.666666666666667
1323.1620513,8.333333333333334
1324.000026,6.333333333333333
1324.8380006999998,9.333333333333334
1325.6759754,6.0
1326.5139501,9.333333333333334
1327.3519248,9.0
1328.1898995,6.333333333333333
1329.0278742,8.666666666666666
1329.8658489,7.0
1330.7038236,5.0
1331.5417983,6.333333333333333
1332.379773,5.666666666666667
1333.2177477,7.666666666666667
1334.0557224,5.666666666666667
1334.8936970999998,8.0
1335.7316718,5.0
1336.5696465,3.0
1337.4076212,5.666666666666667
1338.2455959,5.333333333333333
1339.0835706,4.333333333333333
1339.9215453,3.6666666666666665
1340.7595199999998,3.6666666666666665
1341.5974947,2.6666666666666665
1342.4354694,5.666666666666667
1343.2734441,4.666666666666667
1344.1114188,5.0
1344.9493935,6.666666666666667
1345.7873682,4.0
1346.6253429,3.0
1347.4633176,6.666666666666667
1348.3012923,3.3333333333333335
1349.139267,3.3333333333333335
1349.9772417,4.666666666666667
1350.8152163999998,3.3333333333333335
1351.6531911,4.666666666666667
1352.4911658,2.0
1353.3291405,3.0
1354.1671152,2.0
1355.0050899,2.3333333333333335
1355.8430646,2.6666666666666665
1356.6810392999998,2.6666666666666665
1357.519014,4.333333333333333
1358.3569887,2.0
1359.1949634,3.3333333333333335
1360.0329381,2.3333333333333335
1360.8709128,3.3333333333333335
1361.7088875,1.3333333333333333
1362.5468622,3.0
1363.3848369,2.6666666666666665
1364.2228116,2.6666666666666665
1365.0607863,4.333333333333333
1365.8987609999997,3.0
1366.7367356999996,1.0
1367.5747104,3.6666666666666665
1368.4126851,2.3333333333333335
1369.2506598,2.3333333333333335
1370.0886345,2.6666666666666665
1370.9266092,3.0
1371.7645839,2.0
1372.6025585999998,2.6666666666666665
1373.4405333000002,2.3333333333333335
1374.278508,2.3333333333333335
1375.1164827,2.0
1375.9544574,2.0
1376.7924321,4.333333333333333
1377.6304068,1.0
1378.4683815,1.3333333333333333
1379.3063562,2.3333333333333335
1380.1443308999999,1.0
1380.9823055999998,2.0
1381.8202802999997,3.3333333333333335
1382.6582549999996,2.0
1383.4962297,2.0
1384.3342044,2.6666666666666665
1385.1721791,3.6666666666666665
1386.0101538,2.6666666666666665
1386.8481285,2.3333333333333335
1387.6861032,3.0
1388.5240778999998,1.3333333333333333
1389.3620526000002,2.0
1390.2000273,1.3333333333333333
1391.038002,1.3333333333333333
1391.8759767,2.0
1392.7139514,2.3333333333333335
1393.5519261,2.0
1394.3899008,2.6666666666666665
1395.2278755,3.0
1396.0658501999999,2.3333333333333335
1396.9038248999998,3.0
1397.7417995999997,3.0
1398.5797742999996,2.6666666666666665
1399.417749,2.6666666666666665
1400.2557237,3.3333333333333335
1401.0936984,1.0
1401.9316731,2.6666666666666665
1402.7696478,1.3333333333333333
1403.6076225,1.6666666666666667
1404.4455971999998,1.3333333333333333
1405.2835719000002,2.0
1406.1215466,1.3333333333333333
1406.9595213,1.6666666666666667
1407.797496,0.3333333333333333
1408.6354707,2.3333333333333335
1409.4734454,1.6666666666666667
1410.3114201,2.3333333333333335
1411.1493948,2.0
1411.9873694999999,1.6666666666666667
1412.8253441999998,3.3333333333333335
1413.6633188999997,4.0
1414.5012935999996,2.3333333333333335
1415.3392683,3.3333333333333335
1416.177243,2.0
1417.0152177,3.0
1417.8531924,2.3333333333333335
1418.6911671,1.3333333333333333
1419.5291418,1.3333333333333333
1420.3671164999998,2.0
1421.2050912000002,0.6666666666666666
1422.0430659,0.6666666666666666
1422.8810406,1.3333333333333333
1423.7190153,3.3333333333333335
1424.55699,4.0
1425.3949647,0.3333333333333333
1426.2329394,3.0
1427.0709141,0.6666666666666666
1427.9088887999999,1.3333333333333333
1428.7468634999998,2.3333333333333335
1429.5848381999997,1.0
1430.4228128999996,2.3333333333333335
1431.2607876,2.0
1432.0987623,2.6666666666666665
1432.936737,1.6666666666666667
1433.7747117,3.0
1434.6126864,2.3333333333333335
1435.4506611,2.3333333333333335
1436.2886357999998,2.6666666666666665
1437.1266105000002,1.6666666666666667
1437.9645852,2.0
1438.8025599,1.6666666666666667
1439.6405346,1.0
1440.4785093,1.3333333333333333
1441.316484,1.6666666666666667
1442.1544587,1.6666666666666667
1442.9924334,1.3333333333333333
1443.8304080999999,1.6666666666666667
1444.6683827999998,1.3333333333333333
1445.5063574999997,1.6666666666666667
1446.3443321999996,1.3333333333333333
1447.1823069,2.0
1448.0202816,2.3333333333333335
1448.8582563,1.6666666666666667
1449.696231,1.0
1450.5342057,2.3333333333333335
1451.3721804,5.0
1452.2101550999998,1.3333333333333333
1453.0481298000002,2.3333333333333335
1453.8861045,1.3333333333333333
1454.7240792,2.0
1455.5620539,2.3333333333333335
1456.4000286,3.0
1457.2380033,1.0
1458.0759779999998,2.3333333333333335
1458.9139527,3.0
1459.7519273999999,2.0
1460.5899020999998,2.0
1461.4278767999997,1.6666666666666667
1462.2658514999996,3.0
1463.1038262,1.6666666666666667
1463.9418009,2.3333333333333335
1464.7797756,2.3333333333333335
1465.6177503,1.6666666666666667
1466.455725,1.3333333333333333
1467.2936997,2.0
1468.1316743999998,2.3333333333333335
1468.9696491000002,3.6666666666666665
1469.8076238,1.6666666666666667
1470.6455985,1.0
1471.4835732,2.3333333333333335
1472.3215479,2.3333333333333335
1473.1595226,1.6666666666666667
1473.9974972999998,2.3333333333333335
1474.835472,3.0
1475.6734466999999,2.3333333333333335
1476.5114213999998,3.0
1477.3493960999997,2.3333333333333335
1478.1873707999996,3.0
1479.0253455,2.0
1479.8633202,2.0
1480.7012949,1.3333333333333333
1481.5392696,2.6666666666666665
1482.3772443,0.6666666666666666
1483.215219,2.0
1484.0531936999998,3.0
1484.8911684000002,1.6666666666666667
1485.7291431,1.3333333333333333
1486.5671178,1.3333333333333333
1487.4050925,0.6666666666666666
1488.2430672,2.6666666666666665
1489.0810419,1.0
1489.9190165999998,1.3333333333333333
1490.7569913,0.3333333333333333
1491.5949659999999,1.0
1492.4329406999998,2.3333333333333335
1493.2709153999997,0.6666666666666666
1494.1088900999996,0.6666666666666666
1494.9468648,0.6666666666666666
1495.7848395,1.0
1496.6228142,2.0
1497.4607889,1.6666666666666667
1498.2987636,2.6666666666666665
1499.1367383,2.3333333333333335
1499.9747129999998,3.0
1500.8126877000002,2.0
1501.6506624,2.3333333333333335
1502.4886371,1.0
1503.3266118,2.6666666666666665
1504.1645865,1.6666666666666667
1505.0025612,0.6666666666666666
1505.8405358999998,3.3333333333333335
1506.6785106,1.3333333333333333
1507.5164852999999,1.6666666666666667
1508.3544599999998,3.0
1509.1924346999997,1.6666666666666667
1510.0304093999996,0.3333333333333333
1510.8683841,2.3333333333333335
1511.7063588,1.0
1512.5443335,0.6666666666666666
1513.3823082,2.3333333333333335
1514.2202829,1.6666666666666667
1515.0582576,3.6666666666666665
1515.8962322999998,0.6666666666666666
1516.7342070000002,2.6666666666666665
1517.5721817,1.6666666666666667
1518.4101564,1.0
1519.2481311,0.3333333333333333
1520.0861058,1.0
1520.9240805,1.0
1521.7620551999998,0.6666666666666666
1522.6000299,1.3333333333333333
1523.4380045999999,2.0
1524.2759792999998,1.6666666666666667
1525.1139539999997,2.6666666666666665
1525.9519286999996,2.6666666666666665
1526.7899034,1.3333333333333333
1527.6278781,1.0
1528.4658528,2.6666666666666665
1529.3038275,3.0
1530.1418022,0.3333333333333333
1530.9797769,1.6666666666666667
1531.8177515999998,2.0
1532.6557263000002,1.6666666666666667
1533.493701,2.0
1534.3316757,1.3333333333333333
1535.1696504,0.6666666666666666
1536.0076251,1.0
1536.8455998,0.6666666666666666
1537.6835744999998,0.6666666666666666
1538.5215492,1.6666666666666667
1539.3595238999999,2.0
1540.1974985999998,0.6666666666666666
1541.0354732999997,1.0
1541.8734479999996,0.6666666666666666
1542.7114227,1.3333333333333333
1543.5493974,3.3333333333333335
1544.3873721,1.3333333333333333
1545.2253468,1.6666666666666667
1546.0633215,1.3333333333333333
1546.9012962,0.6666666666666666
1547.7392708999998,1.0
1548.5772456000002,1.0
1549.4152203,1.0
1550.253195,1.6666666666666667
1551.0911697,1.6666666666666667
1551.9291444,1.0
1552.7671191,1.0
1553.6050937999998,1.6666666666666667
1554.4430685,1.3333333333333333
1555.2810431999999,1.0
1556.1190178999998,1.6666666666666667
1556.9569925999997,0.6666666666666666
1557.7949672999996,1.3333333333333333
1558.632942,0.6666666666666666
1559.4709167,2.0
1560.3088914,2.0
1561.1468661,1.0
1561.9848408,1.3333333333333333
1562.8228155,1.0
1563.6607901999998,1.6666666666666667
1564.4987649000002,0.0
1565.3367396,0.0
1566.1747143,0.0
1567.012689,0.0
1567.8506637,0.0
1568.6886384,0.0
1569.5266130999998,0.0
1570.3645878,0.0
1571.2025624999999,0.0
1572.0405371999998,0.0
1572.8785118999997,0.0
1573.7164865999996,0.0
1574.5544613,0.0
1575.392436,0.0
1576.2304107,0.0
1577.0683854,0.0
1577.9063601,0.0
1578.7443348,0.0
1579.5823094999998,0.0
1580.4202842000002,0.0
1581.2582589,0.0
1582.0962336,0.0
1582.9342083,0.0
1583.7721829999998,0.0
1584.6101577,0.0
1585.4481323999998,0.0
1586.2861071,0.0
1587.1240817999999,0.0
1587.9620564999998,0.0
1588.8000311999997,0.0
1589.6380058999996,0.0
1590.4759806,0.0
1591.3139553,0.0
1592.15193,0.3333333333333333
1592.9899047,0.0
1593.8278794,0.0
1594.6658541,0.0
1595.5038287999998,0.0
1596.3418035000002,0.0
1597.1797782,0.0
1598.0177529,0.0
1598.8557276,0.0
1599.6937022999998,0.0
1600.531677,0.0
1601.3696516999998,0.0
1602.2076264,0.0
1603.0456010999999,0.0
1603.8835757999998,0.0
1604.7215504999997,0.0
1605.5595251999996,0.0
1606.3974999,0.0
1607.2354746,0.0
1608.0734493,0.0
1608.911424,0.0
1609.7493987,0.0
1610.5873734,0.0
1611.4253480999998,0.0
1612.2633228000002,0.0
1613.1012975,0.0
1613.9392722,0.0
1614.7772469,0.0
1615.6152215999998,0.0
1616.4531963,0.0
1617.2911709999998,0.0
1618.1291457,0.0
1618.9671203999999,0.0
1619.8050950999998,0.0
1620.6430697999997,0.0
1621.4810444999996,0.0
1622.3190192,0.0
1623.1569939,0.0
1623.9949686,0.0
1624.8329433,0.0
1625.670918,0.0
1626.5088927,0.0
1627.3468673999998,0.0
1628.1848421000002,0.0
1629.0228168,0.0
1629.8607915,0.0
1630.6987662,0.0
1631.5367408999998,0.0
1632.3747156,0.0
1633.2126902999998,0.0
1634.050665,0.0
1634.8886396999999,0.0
1635.7266143999998,0.0
1636.5645890999997,0.0
1637.4025637999996,0.0
1638.2405385,0.0
1639.0785132,0.0
1639.9164879,0.0
1640.7544626,0.0
1641.5924373,0.0
1642.430412,0.0
1643.2683866999998,0.0
1644.1063614000002,0.0
1644.9443361,0.0
1645.7823108,0.0
1646.6202855,0.0
1647.4582601999998,0.0
1648.2962349,0.0
1649.1342095999998,0.0
1649.9721843,0.0
1650.8101589999999,0.0
1651.6481336999998,0.0
1652.4861083999997,0.0
1653.3240830999996,0.0
1654.1620578,0.0
1655.0000325,0.0
1655.8380072,0.0
1656.6759819,0.0
1657.5139566,0.0
1658.3519313,0.0
1659.1899059999998,0.0
1660.0278807000002,0.0
1660.8658554,0.0
1661.7038301,0.0
1662.5418048,0.0
1663.3797794999998,0.0
1664.2177542,0.0
1665.0557288999998,0.0
1665.8937036,0.0
1666.7316782999999,0.0
1667.5696529999998,0.0
1668.4076276999997,0.0
1669.2456023999996,0.0
1670.0835771,0.0
1670.9215518,0.0
1671.7595265,0.0
1672.5975012,0.0
1673.4354759,0.0
1674.2734506,0.0
1675.1114252999998,0.0
1675.9494000000002,0.0
1676.7873747,0.0
1677.6253494,0.0
1678.4633241,0.0
1679.3012987999998,0.0
1680.1392735,0.0
1680.9772481999998,0.0
1681.8152229,0.0
1682.6531975999999,0.0
1683.4911722999998,0.0
1684.3291469999997,0.0
1685.1671216999996,0.0
1686.0050964,0.0
1686.8430711,0.0
1687.6810458,0.0
1688.5190205,0.0
1689.3569952,0.0
1690.1949699,0.0
1691.0329445999998,0.0
1691.8709193000002,0.0
1692.708894,0.0
1693.5468687,0.0
1694.3848434,0.0
1695.2228180999998,0.0
1696.0607928,0.0
1696.8987674999998,0.0
1697.7367422,0.0
1698.5747168999999,0.0
1699.4126915999998,0.0
1700.2506662999997,0.0
1701.0886409999996,0.0
1701.9266157,0.0
1702.7645904,0.0
1703.6025651,0.0
1704.4405398,0.0
1705.2785145,0.0
1706.1164892,0.0
1706.9544638999998,0.0
1707.7924386000002,0.0
1708.6304133,0.0
1709.468388,0.0
1710.3063627,0.0
1711.1443373999998,0.0
1711.9823121,0.0
1712.8202867999998,0.0
1713.6582615,0.0
1714.4962361999999,0.0
1715.3342108999998,0.0
1716.1721855999997,0.0
1717.0101602999996,0.0
1717.848135,0.0
